,Day_num,wind_10m,specific_humidity,LW_down,SW_down,rainfall,snowfall,sosaline,sst,t2m,surface_pressure,sea_ice_extent
0,0.0,0.525,-0.25,-0.7,-1.0,-0.3,0.25,0.375,0.0,-0.9,-0.25,0.025
1,1.0,0.5,-0.275,-0.7,-1.0,-0.275,0.275,0.375,0.0,-0.875,-0.225,0.0
2,2.0,0.425,-0.225,-0.725,-1.0,-0.225,0.2,0.375,0.0,-0.875,-0.175,0.0
3,3.0,0.325,-0.275,-0.775,-1.0,-0.3,0.25,0.375,0.0,-0.9,-0.2,0.0
4,4.0,0.325,-0.25,-0.8,-1.0,-0.4,0.2,0.375,0.0,-0.875,-0.1,0.0
5,5.0,0.25,-0.2,-0.725,-1.0,-0.275,0.3,0.375,0.0,-0.9,-0.15,0.025
6,6.0,0.25,-0.275,-0.8,-1.0,-0.3,0.25,0.375,0.0,-0.925,-0.125,0.025
7,7.0,0.45,-0.2,-0.8,-1.0,-0.25,0.225,0.375,-0.025,-0.925,-0.2,0.025
8,8.0,0.5,-0.25,-0.8,-1.0,-0.25,0.225,0.375,-0.025,-0.95,-0.2,0.05
9,9.0,0.475,-0.25,-0.875,-1.0,-0.3,0.2,0.375,-0.025,-0.95,-0.175,0.05
10,10.0,0.5,-0.375,-0.875,-1.0,-0.4,0.175,0.375,-0.025,-0.925,-0.275,0.075
11,11.0,0.525,-0.35,-0.85,-1.0,-0.25,0.3,0.375,-0.025,-0.925,-0.075,0.125
12,12.0,0.625,-0.475,-0.825,-1.0,-0.175,0.275,0.375,-0.025,-0.925,-0.3,0.175
13,13.0,0.425,-0.35,-0.825,-1.0,-0.225,0.325,0.375,-0.025,-0.95,-0.275,0.225
14,14.0,0.525,-0.35,-0.775,-1.0,-0.15,0.225,0.375,0.0,-0.95,-0.175,0.3
15,15.0,0.5,-0.275,-0.75,-1.0,-0.25,0.225,0.375,0.0,-0.95,-0.3,0.3
16,16.0,0.475,-0.25,-0.825,-1.0,-0.2,0.225,0.375,0.0,-0.85,-0.225,0.35
17,17.0,0.35,-0.3,-0.8,-1.0,-0.275,0.25,0.375,0.0,-0.9,-0.225,0.35
18,18.0,0.475,-0.325,-0.8,-1.0,-0.375,0.275,0.375,0.0,-0.9,-0.125,0.4
19,19.0,0.475,-0.375,-0.825,-1.0,-0.325,0.325,0.375,-0.025,-0.9,0.0,0.425
20,20.0,0.675,-0.325,-0.875,-1.0,-0.225,0.275,0.375,-0.025,-0.9,0.0,0.425
21,21.0,0.625,-0.3,-0.8,-1.0,-0.15,0.3,0.375,-0.025,-0.95,0.025,0.4
22,22.0,0.45,-0.35,-0.8,-1.0,-0.325,0.225,0.375,-0.025,-0.925,-0.1,0.45
23,23.0,0.5,-0.425,-0.775,-1.0,-0.3,0.3,0.375,-0.025,-0.95,-0.075,0.5
24,24.0,0.475,-0.45,-0.8,-1.0,-0.375,0.35,0.375,-0.025,-0.925,-0.1,0.5
25,25.0,0.5,-0.425,-0.775,-1.0,-0.25,0.4,0.375,-0.025,-0.975,-0.125,0.525
26,26.0,0.5,-0.525,-0.85,-1.0,-0.45,0.175,0.375,-0.025,-0.925,-0.125,0.55
27,27.0,0.375,-0.475,-0.85,-0.975,-0.475,0.2,0.375,-0.025,-0.875,-0.125,0.55
28,28.0,0.45,-0.55,-0.825,-0.825,-0.325,0.3,0.375,-0.025,-0.875,-0.075,0.6
29,29.0,0.45,-0.475,-0.85,-0.6,-0.325,0.275,0.375,-0.025,-0.9,-0.15,0.6
30,30.0,0.475,-0.45,-0.85,-0.2,-0.4,0.25,0.375,-0.025,-0.9,0.025,0.6
31,31.0,0.3,-0.4,-0.85,-0.05,-0.275,0.325,0.7,-0.025,-0.875,-0.075,0.625
32,32.0,0.45,-0.425,-0.825,0.0,-0.25,0.325,0.7,-0.025,-0.925,-0.05,0.625
33,33.0,0.5,-0.425,-0.875,0.0,-0.3,0.25,0.7,-0.025,-0.925,-0.225,0.625
34,34.0,0.4,-0.45,-0.875,0.0,-0.3,0.275,0.7,-0.025,-0.9,-0.15,0.65
35,35.0,0.5,-0.425,-0.825,0.0,-0.375,0.325,0.7,-0.05,-0.925,-0.2,0.65
36,36.0,0.5,-0.4,-0.8,0.0,-0.425,0.35,0.7,-0.075,-0.95,0.1,0.65
37,37.0,0.6,-0.4,-0.85,0.0,-0.45,0.175,0.7,-0.1,-0.875,0.05,0.675
38,38.0,0.425,-0.325,-0.775,0.0,-0.375,0.275,0.7,-0.1,-0.875,0.05,0.675
39,39.0,0.425,-0.325,-0.775,0.0,-0.45,0.1,0.7,-0.1,-0.825,0.025,0.7
40,40.0,0.35,-0.325,-0.75,0.0,-0.475,0.175,0.7,-0.075,-0.85,-0.05,0.7
41,41.0,0.3,-0.275,-0.675,0.0,-0.35,0.15,0.7,-0.075,-0.875,0.05,0.7
42,42.0,0.2,-0.325,-0.725,0.0,-0.425,0.125,0.7,-0.075,-0.875,0.075,0.725
43,43.0,0.3,-0.3,-0.75,0.0,-0.375,0.225,0.7,-0.1,-0.85,-0.025,0.725
44,44.0,0.2,-0.25,-0.775,0.0,-0.375,0.2,0.7,-0.125,-0.85,0.175,0.725
45,45.0,0.25,-0.2,-0.725,0.0,-0.35,0.275,0.7,-0.125,-0.875,0.175,0.75
46,46.0,0.3,-0.275,-0.75,0.0,-0.325,0.15,0.7,-0.125,-0.85,0.175,0.75
47,47.0,0.25,-0.35,-0.775,0.0,-0.425,0.1,0.7,-0.125,-0.825,0.075,0.75
48,48.0,0.175,-0.3,-0.775,0.0,-0.375,0.15,0.7,-0.1,-0.825,0.1,0.775
49,49.0,0.275,-0.325,-0.8,0.0,-0.3,0.25,0.7,-0.1,-0.875,0.025,0.75
50,50.0,0.325,-0.4,-0.85,0.0,-0.475,0.05,0.7,-0.1,-0.875,-0.1,0.8
51,51.0,0.225,-0.475,-0.825,0.0,-0.45,0.125,0.7,-0.125,-0.9,-0.05,0.775
52,52.0,0.2,-0.475,-0.875,0.0,-0.425,0.15,0.7,-0.15,-0.875,0.0,0.775
53,53.0,0.375,-0.4,-0.925,0.0,-0.275,0.25,0.7,-0.15,-0.9,0.1,0.8
54,54.0,0.55,-0.375,-0.875,0.0,-0.25,0.15,0.7,-0.175,-0.875,0.175,0.8
55,55.0,0.5,-0.3,-0.825,0.0,-0.3,0.3,0.7,-0.15,-0.85,0.125,0.8
56,56.0,0.425,-0.275,-0.85,0.0,-0.275,0.15,0.7,-0.15,-0.825,0.25,0.8
57,57.0,0.25,-0.275,-0.825,0.0,-0.4,0.3,0.7,-0.125,-0.825,0.2,0.8
58,58.0,0.375,-0.275,-0.825,0.0,-0.325,0.25,0.7,-0.15,-0.825,0.275,0.8
59,59.0,0.45,-0.275,-0.725,0.0,-0.475,0.225,0.775,-0.2,-0.8,0.175,0.8
60,60.0,0.3,-0.3,-0.75,0.0,-0.45,0.15,0.8,-0.2,-0.725,0.175,0.8
61,61.0,0.225,-0.325,-0.75,0.0,-0.45,0.15,0.8,-0.25,-0.75,0.1,0.825
62,62.0,0.25,-0.275,-0.8,0.0,-0.45,0.175,0.8,-0.25,-0.75,0.15,0.85
63,63.0,0.25,-0.225,-0.775,0.0,-0.375,0.175,0.8,-0.25,-0.775,0.25,0.825
64,64.0,0.275,-0.15,-0.675,0.0,-0.4,0.175,0.8,-0.25,-0.725,0.225,0.825
65,65.0,0.225,-0.175,-0.675,0.0,-0.425,0.125,0.8,-0.25,-0.675,0.125,0.85
66,66.0,0.35,-0.1,-0.725,0.0,-0.325,0.05,0.8,-0.25,-0.625,0.05,0.8
67,67.0,0.35,-0.125,-0.675,0.0,-0.325,0.1,0.8,-0.275,-0.6,0.05,0.825
68,68.0,0.3,-0.175,-0.725,0.0,-0.375,0.125,0.8,-0.275,-0.575,0.0,0.85
69,69.0,0.4,-0.125,-0.675,0.0,-0.375,0.2,0.8,-0.275,-0.5,0.1,0.875
70,70.0,0.325,0.0,-0.65,0.0,-0.425,0.025,0.8,-0.275,-0.425,-0.025,0.85
71,71.0,0.3,-0.025,-0.65,0.0,-0.425,0.1,0.8,-0.275,-0.475,0.025,0.825
72,72.0,0.25,-0.05,-0.625,0.0,-0.475,0.15,0.8,-0.275,-0.45,0.275,0.825
73,73.0,0.25,-0.125,-0.55,0.0,-0.6,0.075,0.8,-0.3,-0.425,0.125,0.825
74,74.0,0.175,-0.1,-0.525,0.0,-0.475,0.075,0.8,-0.35,-0.375,0.275,0.825
75,75.0,0.25,-0.1,-0.55,0.0,-0.55,0.025,0.8,-0.325,-0.35,0.275,0.825
76,76.0,0.125,-0.075,-0.55,0.0,-0.675,0.05,0.8,-0.3,-0.325,0.45,0.8
77,77.0,0.1,-0.075,-0.475,0.0,-0.525,0.05,0.8,-0.275,-0.225,0.525,0.8
78,78.0,0.125,-0.1,-0.4,0.0,-0.375,0.05,0.8,-0.3,-0.15,0.55,0.8
79,79.0,0.1,-0.05,-0.325,0.0,-0.45,0.1,0.8,-0.275,-0.175,0.4,0.8
80,80.0,0.1,-0.05,-0.3,0.0,-0.4,0.075,0.8,-0.275,-0.175,0.4,0.8
81,81.0,0.025,-0.025,-0.25,0.0,-0.6,0.125,0.8,-0.3,-0.1,0.325,0.8
82,82.0,0.15,-0.025,-0.25,0.0,-0.575,0.15,0.8,-0.35,-0.05,0.425,0.8
83,83.0,0.175,-0.025,-0.25,0.0,-0.6,0.125,0.8,-0.35,-0.025,0.4,0.8
84,84.0,0.1,-0.025,-0.25,0.0,-0.65,0.025,0.8,-0.325,-0.025,0.2,0.8
85,85.0,0.075,0.0,-0.275,0.0,-0.575,0.05,0.8,-0.35,-0.05,0.175,0.775
86,86.0,0.1,0.0,-0.275,0.0,-0.55,0.125,0.8,-0.375,0.0,0.025,0.775
87,87.0,0.025,0.0,-0.225,0.0,-0.575,0.05,0.8,-0.35,0.0,0.0,0.775
88,88.0,0.0,0.0,-0.15,0.0,-0.575,0.025,0.8,-0.35,0.0,0.0,0.775
89,89.0,0.0,0.0,-0.15,0.0,-0.55,0.075,0.8,-0.35,-0.025,0.175,0.775
90,90.0,0.05,0.0,-0.15,0.0,-0.625,0.025,0.575,-0.325,0.0,0.225,0.775
91,91.0,-0.075,0.0,-0.15,0.0,-0.5,0.15,0.425,-0.25,0.0,0.35,0.775
92,92.0,-0.075,0.0,-0.1,0.0,-0.525,0.125,0.425,-0.175,0.0,0.375,0.775
93,93.0,0.05,0.0,-0.05,0.0,-0.65,0.075,0.425,-0.225,0.0,0.375,0.675
94,94.0,0.0,0.0,-0.05,0.0,-0.6,0.075,0.425,-0.225,0.0,0.35,0.675
95,95.0,0.025,0.0,-0.075,0.0,-0.55,0.1,0.425,-0.225,0.0,0.425,0.675
96,96.0,-0.05,0.0,-0.075,0.0,-0.625,0.125,0.425,-0.325,0.0,0.4,0.675
97,97.0,-0.025,0.0,-0.05,0.0,-0.5,0.075,0.425,-0.25,0.0,0.45,0.65
98,98.0,0.025,0.0,-0.025,0.0,-0.45,0.125,0.425,-0.2,0.0,0.375,0.65
99,99.0,0.0,0.0,-0.025,0.0,-0.375,0.075,0.425,-0.175,0.0,0.325,0.6
100,100.0,0.075,0.0,0.0,0.0,-0.425,0.1,0.425,-0.125,0.0,0.25,0.6
101,101.0,0.175,0.0,0.0,0.0,-0.5,0.025,0.425,-0.075,0.0,0.2,0.55
102,102.0,0.075,0.0,0.0,0.0,-0.55,0.075,0.425,-0.075,0.0,0.275,0.45
103,103.0,0.125,0.0,0.0,0.0,-0.45,0.0,0.425,-0.075,0.0,0.3,0.45
104,104.0,0.025,0.0,0.0,0.0,-0.55,0.125,0.425,-0.075,0.0,0.35,0.4
105,105.0,0.0,0.0,0.0,0.0,-0.525,0.025,0.425,-0.1,0.0,0.325,0.425
106,106.0,0.0,0.0,0.0,0.0,-0.525,0.05,0.425,-0.075,0.0,0.35,0.425
107,107.0,0.025,0.0,0.0,0.0,-0.325,0.05,0.425,-0.075,0.0,0.325,0.4
108,108.0,0.05,0.0,0.0,0.0,-0.45,0.075,0.425,-0.075,0.0,0.25,0.375
109,109.0,0.075,0.0,0.0,0.0,-0.525,0.05,0.425,-0.075,0.0,0.3,0.35
110,110.0,0.05,0.0,0.0,0.0,-0.525,0.0,0.425,-0.075,0.0,0.25,0.35
111,111.0,-0.125,0.0,0.0,0.0,-0.5,0.025,0.425,-0.05,0.0,0.3,0.325
112,112.0,0.0,0.0,0.0,0.05,-0.35,0.0,0.425,-0.025,0.0,0.375,0.325
113,113.0,-0.05,0.0,0.0,0.075,-0.425,0.075,0.425,-0.025,0.0,0.475,0.3
114,114.0,-0.075,0.0,0.0,0.175,-0.4,0.075,0.425,-0.025,0.0,0.475,0.225
115,115.0,-0.075,0.0,0.0,0.375,-0.3,0.05,0.425,-0.025,0.0,0.45,0.175
116,116.0,0.025,0.0,0.0,0.625,-0.4,0.025,0.425,0.0,0.0,0.475,0.125
117,117.0,-0.075,0.0,0.0,0.825,-0.35,0.05,0.425,0.0,0.0,0.325,0.1
118,118.0,-0.1,0.0,0.0,0.925,-0.4,0.05,0.425,0.0,0.0,0.325,0.1
119,119.0,-0.225,0.0,0.0,0.95,-0.55,0.0,0.425,0.0,0.0,0.4,0.1
120,120.0,-0.2,0.0,0.0,0.975,-0.45,0.025,0.075,0.0,0.0,0.375,0.1
121,121.0,-0.175,0.0,0.0,1.0,-0.425,0.025,0.025,0.0,0.0,0.375,0.075
122,122.0,-0.2,0.0,0.0,1.0,-0.425,0.0,0.025,0.0,0.0,0.375,0.075
123,123.0,-0.175,0.0,0.0,1.0,-0.375,0.0,0.025,0.0,0.0,0.425,0.025
124,124.0,-0.175,0.0,0.0,1.0,-0.45,0.0,0.025,0.0,0.0,0.425,0.0
125,125.0,-0.1,0.0,0.0,1.0,-0.3,0.025,0.025,0.0,0.0,0.425,0.0
126,126.0,-0.2,0.0,0.0,1.0,-0.425,0.025,0.025,0.0,0.0,0.475,0.0
127,127.0,-0.15,0.0,0.0,1.0,-0.425,0.05,0.025,0.0,0.0,0.575,0.0
128,128.0,-0.175,0.0,0.0,1.0,-0.275,0.0,0.025,0.0,0.0,0.5,0.0
129,129.0,-0.175,0.0,0.0,1.0,-0.375,0.0,0.025,0.0,0.0,0.525,0.0
130,130.0,-0.3,0.0,0.0,1.0,-0.2,0.0,0.025,0.0,0.0,0.425,0.0
131,131.0,-0.25,0.0,0.0,1.0,-0.125,0.075,0.025,0.0,0.0,0.45,0.0
132,132.0,-0.225,0.0,0.0,1.0,-0.175,0.0,0.025,0.0,0.0,0.5,0.0
133,133.0,-0.175,0.0,0.0,1.0,-0.325,0.025,0.025,0.0,0.0,0.5,0.0
134,134.0,-0.175,0.0,0.0,1.0,-0.225,0.0,0.025,0.0,0.0,0.475,0.0
135,135.0,-0.3,0.0,0.0,1.0,-0.225,0.0,0.025,0.0,0.0,0.325,0.0
136,136.0,-0.25,0.0,0.0,1.0,-0.15,0.0,0.025,0.0,0.0,0.275,0.0
137,137.0,-0.175,0.0,0.0,1.0,-0.1,0.0,0.025,0.0,0.0,0.275,0.0
138,138.0,-0.15,0.0,0.0,1.0,-0.1,0.0,0.025,0.0,0.0,0.25,0.0
139,139.0,-0.225,0.0,0.0,1.0,-0.175,0.0,0.025,0.0,0.0,0.275,0.0
140,140.0,-0.325,0.0,0.0,1.0,-0.15,0.0,0.025,0.0,0.0,0.3,0.0
141,141.0,-0.275,0.0,0.0,1.0,-0.075,0.0,0.025,0.0,0.0,0.325,0.0
142,142.0,-0.325,0.0,0.0,1.0,-0.125,-0.025,0.025,0.0,0.0,0.3,0.0
143,143.0,-0.375,0.0,0.0,1.0,-0.125,0.0,0.025,0.0,0.0,0.325,0.0
144,144.0,-0.325,0.0,0.0,1.0,-0.05,-0.025,0.025,0.0,0.0,0.25,0.0
145,145.0,-0.375,0.0,0.0,1.0,-0.075,-0.025,0.025,0.0,0.0,0.175,0.0
146,146.0,-0.375,0.0,0.0,1.0,-0.1,-0.05,0.025,0.0,0.0,0.175,0.0
147,147.0,-0.35,0.0,0.0,1.0,-0.125,-0.075,0.025,0.0,0.0,0.2,0.0
148,148.0,-0.425,0.0,0.0,1.0,-0.15,-0.075,0.025,0.0,0.025,0.175,0.0
149,149.0,-0.475,0.0,0.0,1.0,-0.15,-0.125,0.025,0.0,0.05,0.175,0.0
150,150.0,-0.375,0.0,0.0,1.0,-0.125,-0.15,0.025,0.0,0.075,0.175,0.0
151,151.0,-0.5,0.0,0.0,1.0,-0.025,-0.125,0.025,0.0,0.1,0.15,0.0
152,152.0,-0.3,0.0,0.0,1.0,0.0,-0.125,0.025,0.0,0.25,0.175,0.0
153,153.0,-0.2,0.0,0.0,1.0,0.0,-0.25,0.025,0.0,0.275,0.175,0.0
154,154.0,-0.325,0.0,0.0,1.0,0.0,-0.175,0.025,0.0,0.4,0.15,0.0
155,155.0,-0.375,0.0,0.075,1.0,0.025,-0.3,0.025,0.0,0.55,0.125,0.0
156,156.0,-0.5,0.0,0.075,1.0,0.0,-0.35,0.025,0.0,0.65,0.175,0.0
157,157.0,-0.625,0.0,0.175,1.0,0.0,-0.275,0.025,0.0,0.75,0.15,0.0
158,158.0,-0.575,0.0,0.2,1.0,0.0,-0.325,0.025,0.0,0.85,0.0,0.0
159,159.0,-0.625,0.05,0.35,1.0,0.0,-0.325,0.025,0.0,0.85,0.025,0.0
160,160.0,-0.425,0.1,0.45,1.0,0.05,-0.45,0.025,0.0,0.925,0.075,0.0
161,161.0,-0.325,0.225,0.45,1.0,0.05,-0.375,0.025,0.0,1.0,0.075,0.0
162,162.0,-0.425,0.25,0.525,1.0,0.1,-0.475,0.025,0.0,0.975,0.0,0.0
163,163.0,-0.4,0.3,0.65,1.0,0.075,-0.675,0.025,0.0,1.0,0.0,0.0
164,164.0,-0.525,0.45,0.7,1.0,0.025,-0.55,0.025,0.0,1.0,-0.025,0.0
165,165.0,-0.45,0.625,0.825,1.0,0.1,-0.6,0.025,0.0,1.0,-0.025,0.0
166,166.0,-0.525,0.725,0.925,1.0,0.125,-0.65,0.025,0.0,1.0,-0.025,0.0
167,167.0,-0.425,0.775,0.95,1.0,0.2,-0.775,0.025,0.0,1.0,0.05,0.0
168,168.0,-0.475,0.925,1.0,1.0,0.225,-0.775,0.025,0.0,1.0,0.0,0.0
169,169.0,-0.625,0.95,0.975,1.0,0.375,-0.7,0.025,0.0,1.0,-0.05,0.0
170,170.0,-0.5,0.95,0.975,1.0,0.15,-0.825,0.025,0.0,1.0,-0.075,0.0
171,171.0,-0.625,1.0,1.0,1.0,0.175,-0.85,0.025,0.0,1.0,-0.075,0.0
172,172.0,-0.6,1.0,1.0,1.0,0.125,-0.875,0.025,0.0,1.0,0.0,0.0
173,173.0,-0.575,1.0,1.0,1.0,0.2,-0.85,0.025,0.0,1.0,-0.025,0.0
174,174.0,-0.525,1.0,1.0,1.0,0.1,-0.825,0.025,0.0,1.0,0.025,0.0
175,175.0,-0.575,1.0,1.0,1.0,0.275,-0.9,0.025,0.0,1.0,0.05,0.0
176,176.0,-0.6,1.0,1.0,1.0,0.275,-0.875,0.025,0.0,1.0,0.025,0.0
177,177.0,-0.6,1.0,1.0,1.0,0.2,-0.925,0.025,0.025,1.0,0.025,0.0
178,178.0,-0.725,1.0,1.0,1.0,0.225,-1.0,0.025,0.05,1.0,0.0,0.0
179,179.0,-0.625,1.0,1.0,1.0,0.225,-0.95,0.025,0.075,1.0,-0.025,0.0
180,180.0,-0.8,1.0,1.0,1.0,0.1,-1.0,0.025,0.075,1.0,-0.025,0.0
181,181.0,-0.725,1.0,1.0,1.0,0.375,-1.0,-0.475,0.125,1.0,0.0,0.0
182,182.0,-0.45,1.0,1.0,1.0,0.425,-0.975,-0.7,0.2,1.0,-0.025,0.0
183,183.0,-0.65,1.0,1.0,1.0,0.225,-0.95,-0.7,0.25,1.0,-0.05,0.0
184,184.0,-0.675,1.0,1.0,1.0,0.375,-0.975,-0.7,0.3,1.0,0.0,0.0
185,185.0,-0.725,1.0,1.0,1.0,0.275,-1.0,-0.7,0.325,1.0,-0.025,0.0
186,186.0,-0.65,1.0,1.0,1.0,0.3,-0.975,-0.7,0.325,1.0,0.025,0.0
187,187.0,-0.8,1.025,1.0,1.0,0.35,-0.975,-0.7,0.375,1.0,0.025,0.0
188,188.0,-0.625,1.0,1.0,1.0,0.325,-0.975,-0.7,0.4,1.0,0.0,0.0
189,189.0,-0.7,1.0,1.0,1.0,0.3,-1.0,-0.7,0.45,1.0,-0.025,0.0
190,190.0,-0.8,1.025,1.0,1.0,0.275,-1.0,-0.7,0.45,1.0,0.0,-0.025
191,191.0,-0.775,1.025,1.0,1.0,0.475,-1.0,-0.7,0.475,1.0,0.025,-0.05
192,192.0,-0.675,1.025,1.0,1.0,0.4,-1.0,-0.7,0.5,1.0,-0.025,-0.05
193,193.0,-0.775,1.05,1.0,1.0,0.325,-1.025,-0.7,0.55,1.0,0.0,-0.1
194,194.0,-0.8,1.125,1.0,1.0,0.425,-1.075,-0.7,0.55,1.0,0.0,-0.15
195,195.0,-0.85,1.15,1.0,1.0,0.5,-1.05,-0.7,0.625,1.0,0.025,-0.15
196,196.0,-0.75,1.1,1.0,0.975,0.65,-1.05,-0.7,0.675,1.0,0.0,-0.175
197,197.0,-0.8,1.1,1.0,0.975,0.525,-0.975,-0.7,0.7,1.0,0.0,-0.2
198,198.0,-0.65,1.15,1.0,0.925,0.475,-1.0,-0.7,0.725,1.0,-0.025,-0.25
199,199.0,-0.65,1.2,1.0,0.85,0.675,-1.0,-0.7,0.8,1.0,-0.025,-0.25
200,200.0,-0.65,1.225,1.0,0.775,0.5,-1.05,-0.7,0.85,1.0,0.025,-0.275
201,201.0,-0.7,1.175,1.0,0.75,0.475,-1.05,-0.7,0.9,1.0,0.025,-0.325
202,202.0,-0.55,1.2,1.0,0.7,0.675,-0.975,-0.7,0.95,1.0,0.025,-0.35
203,203.0,-0.6,1.25,1.0,0.65,0.525,-1.025,-0.7,1.0,1.0,0.025,-0.35
204,204.0,-0.7,1.225,1.0,0.575,0.525,-1.0,-0.7,1.025,1.0,-0.075,-0.35
205,205.0,-0.675,1.275,1.0,0.375,0.575,-0.975,-0.7,1.025,1.0,-0.05,-0.375
206,206.0,-0.7,1.2,1.0,0.1,0.65,-0.975,-0.7,1.075,1.0,-0.05,-0.375
207,207.0,-0.575,1.275,1.0,0.075,0.75,-1.0,-0.7,1.2,1.0,0.0,-0.425
208,208.0,-0.6,1.275,1.0,0.05,0.675,-0.975,-0.7,1.225,1.0,-0.025,-0.425
209,209.0,-0.475,1.25,1.0,0.025,0.725,-0.95,-0.7,1.275,1.0,-0.025,-0.45
210,210.0,-0.5,1.2,1.0,0.025,0.575,-0.975,-0.7,1.275,1.0,-0.025,-0.475
211,211.0,-0.575,1.2,1.0,0.0,0.6,-1.0,-0.7,1.3,1.0,-0.025,-0.55
212,212.0,-0.55,1.175,1.0,0.0,0.6,-0.975,-0.975,1.225,1.0,-0.025,-0.55
213,213.0,-0.625,1.175,1.0,0.0,0.8,-0.95,-1.0,1.275,1.0,-0.05,-0.6
214,214.0,-0.725,1.075,1.0,0.0,0.6,-0.95,-1.0,1.3,1.0,-0.075,-0.625
215,215.0,-0.7,1.075,1.0,0.0,0.5,-0.95,-1.0,1.3,1.0,-0.05,-0.625
216,216.0,-0.625,1.05,1.0,0.0,0.65,-0.975,-1.0,1.3,1.0,-0.05,-0.675
217,217.0,-0.575,1.025,1.0,0.0,0.75,-0.925,-1.0,1.3,1.0,-0.05,-0.675
218,218.0,-0.525,1.025,1.0,0.0,0.85,-0.875,-1.0,1.3,1.0,-0.075,-0.725
219,219.0,-0.475,1.0,1.0,0.0,0.7,-0.925,-1.0,1.325,1.0,-0.05,-0.75
220,220.0,-0.55,1.025,1.0,0.0,0.825,-0.95,-1.0,1.35,1.0,-0.05,-0.75
221,221.0,-0.5,1.025,1.0,0.0,0.7,-0.975,-1.0,1.35,1.0,-0.025,-0.8
222,222.0,-0.45,1.0,1.0,0.0,0.9,-0.85,-1.0,1.35,1.0,-0.025,-0.875
223,223.0,-0.425,1.0,1.0,0.0,0.85,-0.825,-1.0,1.35,1.0,0.0,-0.875
224,224.0,-0.525,1.0,1.0,0.0,0.775,-0.9,-1.0,1.35,1.0,-0.075,-0.9
225,225.0,-0.5,1.0,1.0,0.0,0.725,-0.975,-1.0,1.375,1.0,-0.075,-0.975
226,226.0,-0.525,1.0,1.0,0.0,0.85,-0.9,-1.0,1.375,1.0,-0.05,-1.0
227,227.0,-0.375,1.0,1.0,0.0,0.925,-0.9,-1.0,1.4,1.0,-0.075,-1.0
228,228.0,-0.175,1.0,1.0,0.0,0.875,-0.875,-1.0,1.4,1.0,-0.15,-1.025
229,229.0,-0.3,1.0,1.0,0.0,0.75,-0.875,-1.0,1.4,1.0,-0.15,-1.025
230,230.0,-0.25,1.0,1.0,0.0,0.975,-0.85,-1.0,1.4,1.0,-0.1,-1.025
231,231.0,-0.325,1.0,1.0,0.0,1.0,-0.725,-1.0,1.4,1.0,-0.1,-1.025
232,232.0,-0.325,1.0,1.0,0.0,0.925,-0.75,-1.0,1.425,1.0,-0.1,-1.05
233,233.0,-0.375,1.0,1.0,0.0,0.9,-0.75,-1.0,1.425,1.0,-0.1,-1.05
234,234.0,-0.325,1.0,1.0,0.0,0.825,-0.6,-1.0,1.425,1.0,-0.025,-1.05
235,235.0,-0.3,0.975,1.0,0.0,0.825,-0.625,-1.0,1.425,1.0,0.0,-1.05
236,236.0,-0.475,1.0,1.0,0.0,0.85,-0.6,-1.0,1.425,1.0,-0.025,-1.1
237,237.0,-0.4,0.975,1.0,0.0,0.95,-0.525,-1.0,1.425,1.0,-0.05,-1.125
238,238.0,-0.25,0.975,1.0,0.0,1.025,-0.525,-1.0,1.425,1.0,-0.025,-1.125
239,239.0,-0.275,0.95,1.0,0.0,0.95,-0.525,-1.0,1.425,1.0,0.0,-1.125
240,240.0,-0.2,0.95,0.975,0.0,0.75,-0.5,-1.0,1.425,1.0,-0.025,-1.125
241,241.0,-0.175,0.9,0.975,0.0,1.025,-0.45,-1.0,1.4,1.0,-0.125,-1.15
242,242.0,-0.2,0.875,1.0,0.0,0.95,-0.35,-1.0,1.375,0.95,-0.15,-1.15
243,243.0,-0.1,0.85,0.975,0.0,0.925,-0.35,-0.9,1.325,0.925,-0.15,-1.175
244,244.0,-0.1,0.8,0.9,0.0,0.8,-0.3,-0.9,1.325,0.875,-0.125,-1.2
245,245.0,-0.025,0.725,0.85,0.0,0.675,-0.225,-0.9,1.35,0.8,-0.125,-1.2
246,246.0,-0.025,0.6,0.875,0.0,0.75,-0.2,-0.9,1.275,0.8,-0.075,-1.2
247,247.0,-0.05,0.575,0.875,0.0,0.725,-0.175,-0.9,1.25,0.725,-0.025,-1.225
248,248.0,-0.1,0.55,0.775,0.0,0.55,-0.15,-0.9,1.25,0.675,-0.075,-1.225
249,249.0,-0.2,0.425,0.675,0.0,0.75,-0.125,-0.9,1.25,0.575,-0.075,-1.225
250,250.0,-0.1,0.3,0.55,0.0,0.725,-0.1,-0.9,1.25,0.375,-0.075,-1.225
251,251.0,-0.05,0.2,0.5,0.0,0.725,-0.075,-0.9,1.25,0.375,0.0,-1.225
252,252.0,-0.05,0.125,0.375,0.0,0.7,0.0,-0.9,1.225,0.225,-0.05,-1.225
253,253.0,0.0,0.175,0.425,0.0,0.625,-0.025,-0.9,1.2,0.2,-0.15,-1.225
254,254.0,-0.05,0.075,0.225,0.0,0.65,-0.05,-0.9,1.125,0.125,-0.1,-1.225
255,255.0,-0.125,0.05,0.175,0.0,0.675,-0.025,-0.9,1.1,0.075,-0.025,-1.225
256,256.0,-0.075,0.025,0.15,0.0,0.6,-0.05,-0.9,1.05,0.025,0.0,-1.225
257,257.0,-0.05,0.025,0.075,0.0,0.55,0.0,-0.9,1.025,0.0,-0.05,-1.225
258,258.0,-0.05,0.0,0.05,0.0,0.55,0.0,-0.9,0.975,0.0,-0.15,-1.225
259,259.0,-0.05,0.0,0.05,0.0,0.575,0.0,-0.9,0.875,0.0,-0.075,-1.225
260,260.0,-0.1,0.0,0.025,0.0,0.525,0.0,-0.9,0.875,0.0,0.025,-1.225
261,261.0,-0.025,0.025,0.025,0.0,0.4,0.0,-0.9,0.85,0.0,-0.075,-1.225
262,262.0,-0.075,0.0,0.025,0.0,0.525,0.025,-0.9,0.775,0.0,-0.05,-1.225
263,263.0,-0.025,0.0,0.0,0.0,0.5,0.075,-0.9,0.675,0.0,-0.1,-1.225
264,264.0,-0.025,0.0,0.0,0.0,0.525,0.075,-0.9,0.65,0.0,-0.05,-1.225
265,265.0,0.0,0.0,0.0,0.0,0.5,0.025,-0.9,0.625,0.0,-0.225,-1.225
266,266.0,0.075,0.0,0.0,0.0,0.575,0.125,-0.9,0.6,0.0,-0.175,-1.225
267,267.0,0.075,0.0,0.0,0.0,0.775,0.125,-0.9,0.575,0.0,-0.225,-1.225
268,268.0,0.1,0.0,0.0,0.0,0.5,0.075,-0.9,0.575,0.0,-0.225,-1.175
269,269.0,0.125,0.0,0.0,0.0,0.525,0.15,-0.9,0.55,0.0,-0.125,-1.15
270,270.0,0.225,0.0,0.0,0.0,0.4,0.175,-0.9,0.525,0.0,-0.125,-1.1
271,271.0,0.125,0.0,0.0,0.0,0.525,0.2,-0.9,0.475,0.0,-0.1,-1.1
272,272.0,0.175,0.0,0.0,0.0,0.675,0.3,-0.9,0.45,0.0,-0.125,-1.075
273,273.0,0.125,0.0,0.0,0.0,0.575,0.2,-0.45,0.4,0.0,-0.25,-1.025
274,274.0,0.075,0.0,0.0,0.0,0.4,0.1,-0.225,0.375,0.0,-0.2,-0.925
275,275.0,0.0,0.0,0.0,0.0,0.4,0.175,-0.225,0.3,0.0,-0.1,-0.925
276,276.0,0.15,0.0,0.0,0.0,0.5,0.35,-0.225,0.275,0.0,-0.15,-0.9
277,277.0,0.3,0.0,0.0,0.0,0.375,0.275,-0.225,0.25,0.0,-0.025,-0.875
278,278.0,0.225,0.0,0.0,0.0,0.35,0.275,-0.225,0.2,0.0,-0.125,-0.875
279,279.0,0.275,0.0,0.0,0.0,0.35,0.275,-0.225,0.175,0.0,-0.125,-0.825
280,280.0,0.225,0.0,0.0,0.0,0.525,0.3,-0.225,0.15,0.0,-0.2,-0.775
281,281.0,0.45,0.0,0.0,0.0,0.525,0.475,-0.225,0.15,0.0,-0.225,-0.75
282,282.0,0.325,0.0,0.0,0.0,0.4,0.4,-0.225,0.1,0.0,-0.275,-0.725
283,283.0,0.325,0.0,0.0,0.0,0.325,0.45,-0.225,0.1,0.0,-0.225,-0.675
284,284.0,0.3,0.0,0.0,0.0,0.35,0.45,-0.225,0.1,0.0,-0.15,-0.625
285,285.0,0.3,0.0,0.0,0.0,0.275,0.425,-0.225,0.025,0.0,-0.05,-0.55
286,286.0,0.225,0.0,0.0,0.0,0.3,0.45,-0.225,0.025,0.0,-0.075,-0.5
287,287.0,0.075,0.0,0.0,0.0,0.2,0.375,-0.225,0.0,0.0,-0.025,-0.45
288,288.0,0.125,0.0,0.0,0.0,0.2,0.525,-0.225,0.0,0.0,-0.05,-0.425
289,289.0,0.25,0.0,0.0,0.0,0.225,0.4,-0.225,0.0,0.0,-0.05,-0.425
290,290.0,0.3,0.0,0.0,0.0,0.175,0.55,-0.225,0.0,0.0,-0.075,-0.4
291,291.0,0.3,0.0,0.0,0.0,0.175,0.525,-0.225,0.0,0.0,0.025,-0.35
292,292.0,0.2,0.0,0.0,0.0,0.1,0.475,-0.225,0.0,0.0,-0.075,-0.35
293,293.0,0.2,0.0,0.0,0.0,0.15,0.375,-0.225,0.0,0.0,-0.075,-0.375
294,294.0,0.2,0.0,0.0,0.0,0.175,0.5,-0.225,0.0,0.0,-0.075,-0.3
295,295.0,0.275,0.0,0.0,0.0,0.275,0.6,-0.225,0.0,0.0,-0.1,-0.25
296,296.0,0.3,0.0,0.0,0.0,0.225,0.7,-0.225,0.0,0.0,-0.1,-0.225
297,297.0,0.35,0.0,0.0,0.0,0.225,0.625,-0.225,0.0,0.0,-0.2,-0.225
298,298.0,0.225,0.0,0.0,0.0,0.275,0.625,-0.225,0.0,0.0,-0.25,-0.2
299,299.0,0.2,0.0,0.0,0.0,0.15,0.675,-0.225,0.0,0.0,-0.15,-0.2
300,300.0,0.175,0.0,0.0,0.0,0.125,0.675,-0.225,0.0,0.0,-0.1,-0.175
301,301.0,0.3,0.0,0.0,0.0,0.1,0.625,-0.225,0.0,0.0,-0.25,-0.15
302,302.0,0.3,0.0,0.0,0.0,0.15,0.675,-0.225,0.0,0.0,-0.225,-0.125
303,303.0,0.325,0.0,0.0,0.0,0.15,0.575,-0.225,0.0,0.0,-0.325,-0.075
304,304.0,0.225,0.0,0.0,0.0,0.15,0.65,0.0,0.0,0.0,-0.3,-0.05
305,305.0,0.325,0.0,0.0,0.0,0.05,0.6,0.025,0.0,0.0,-0.325,-0.05
306,306.0,0.25,0.0,0.0,0.0,0.0,0.525,0.025,0.0,0.0,-0.4,-0.05
307,307.0,0.125,0.0,0.0,0.0,0.125,0.7,0.025,0.0,0.0,-0.2,-0.025
308,308.0,0.25,0.0,0.0,-0.025,0.125,0.725,0.025,0.0,0.0,-0.175,-0.025
309,309.0,0.375,0.0,0.0,-0.025,0.175,0.625,0.025,0.0,0.0,-0.175,-0.025
310,310.0,0.425,0.0,0.0,-0.075,0.15,0.725,0.025,0.0,0.0,-0.125,-0.025
311,311.0,0.375,0.0,0.0,-0.15,0.125,0.675,0.025,0.0,0.0,-0.1,-0.025
312,312.0,0.375,0.0,0.0,-0.575,0.075,0.575,0.025,0.0,0.0,-0.05,0.0
313,313.0,0.525,0.0,0.0,-0.75,0.1,0.5,0.025,0.0,0.0,-0.25,0.0
314,314.0,0.4,0.0,0.0,-0.9,0.05,0.55,0.025,0.0,0.0,-0.25,0.0
315,315.0,0.375,0.0,0.0,-1.0,0.1,0.5,0.025,0.0,0.0,-0.225,0.0
316,316.0,0.275,0.0,0.0,-1.0,0.0,0.65,0.025,0.0,0.0,-0.25,0.0
317,317.0,0.375,0.0,-0.025,-1.0,0.0,0.65,0.025,0.0,-0.025,-0.2,0.0
318,318.0,0.325,0.0,0.0,-1.0,-0.025,0.6,0.025,0.0,-0.05,-0.225,0.0
319,319.0,0.375,0.0,0.0,-1.0,0.025,0.45,0.025,0.0,-0.05,-0.3,0.0
320,320.0,0.3,0.0,-0.05,-1.0,0.05,0.725,0.025,0.0,-0.025,-0.15,0.0
321,321.0,0.45,0.0,-0.025,-1.0,0.0,0.75,0.025,0.0,-0.075,-0.125,0.0
322,322.0,0.45,0.0,-0.075,-1.0,0.0,0.7,0.025,0.0,-0.1,-0.05,0.0
323,323.0,0.45,0.0,-0.075,-1.0,0.05,0.55,0.025,0.0,-0.125,-0.025,0.0
324,324.0,0.375,-0.025,-0.075,-1.0,0.0,0.45,0.025,0.0,-0.125,-0.075,0.0
325,325.0,0.3,-0.025,-0.075,-1.0,-0.05,0.525,0.025,0.0,-0.15,0.025,0.0
326,326.0,0.475,0.0,-0.075,-1.0,-0.025,0.425,0.025,0.0,-0.125,0.025,0.0
327,327.0,0.425,0.0,-0.1,-1.0,0.0,0.525,0.025,0.0,-0.15,-0.075,0.0
328,328.0,0.4,-0.025,-0.075,-1.0,-0.1,0.425,0.025,0.0,-0.125,-0.075,0.0
329,329.0,0.3,-0.025,-0.075,-1.0,-0.1,0.425,0.025,0.0,-0.15,-0.075,0.0
330,330.0,0.275,-0.025,-0.125,-1.0,-0.125,0.275,0.025,0.0,-0.225,-0.1,0.0
331,331.0,0.25,-0.025,-0.1,-1.0,-0.125,0.475,0.025,0.0,-0.225,-0.15,0.0
332,332.0,0.25,-0.025,-0.15,-1.0,-0.075,0.45,0.025,0.0,-0.25,-0.175,0.0
333,333.0,0.275,-0.025,-0.15,-1.0,-0.075,0.425,0.025,0.0,-0.225,-0.175,0.0
334,334.0,0.4,0.0,-0.125,-1.0,0.025,0.575,0.025,0.0,-0.3,-0.3,0.0
335,335.0,0.525,0.0,-0.175,-1.0,-0.05,0.5,0.025,0.0,-0.275,-0.25,0.0
336,336.0,0.55,0.0,-0.2,-1.0,-0.1,0.45,0.025,0.0,-0.35,-0.35,0.0
337,337.0,0.525,0.0,-0.275,-1.0,-0.05,0.45,0.025,0.0,-0.4,-0.25,0.0
338,338.0,0.55,-0.025,-0.25,-1.0,-0.175,0.475,0.025,0.0,-0.425,-0.275,0.0
339,339.0,0.5,-0.05,-0.3,-1.0,-0.075,0.35,0.025,0.0,-0.5,-0.325,0.0
340,340.0,0.425,-0.05,-0.35,-1.0,-0.075,0.375,0.025,0.0,-0.5,-0.275,0.0
341,341.0,0.375,-0.025,-0.425,-1.0,-0.1,0.3,0.025,0.0,-0.475,-0.2,0.0
342,342.0,0.425,-0.05,-0.375,-1.0,-0.1,0.35,0.025,0.0,-0.575,-0.25,0.0
343,343.0,0.375,-0.1,-0.375,-1.0,-0.15,0.35,0.025,0.0,-0.6,-0.275,0.0
344,344.0,0.425,-0.075,-0.4,-1.0,-0.075,0.3,0.025,0.0,-0.55,-0.325,0.0
345,345.0,0.55,-0.025,-0.4,-1.0,-0.15,0.35,0.025,0.0,-0.55,-0.35,0.0
346,346.0,0.375,-0.025,-0.475,-1.0,0.0,0.3,0.025,0.0,-0.525,-0.225,0.0
347,347.0,0.375,-0.025,-0.475,-1.0,-0.075,0.275,0.025,0.0,-0.475,-0.225,0.0
348,348.0,0.5,-0.05,-0.45,-1.0,-0.125,0.45,0.025,0.0,-0.525,-0.175,0.0
349,349.0,0.5,-0.05,-0.45,-1.0,-0.125,0.475,0.025,0.0,-0.55,-0.25,0.0
350,350.0,0.475,-0.1,-0.5,-1.0,-0.125,0.3,0.025,0.0,-0.65,-0.3,0.0
351,351.0,0.375,-0.075,-0.575,-1.0,-0.125,0.5,0.025,0.0,-0.65,-0.225,0.0
352,352.0,0.525,-0.05,-0.55,-1.0,-0.1,0.375,0.025,0.0,-0.725,-0.275,0.0
353,353.0,0.525,-0.05,-0.575,-1.0,-0.125,0.375,0.025,0.0,-0.725,-0.325,0.0
354,354.0,0.45,-0.1,-0.6,-1.0,-0.15,0.4,0.025,0.0,-0.75,-0.375,0.0
355,355.0,0.425,-0.125,-0.575,-1.0,-0.1,0.35,0.025,0.0,-0.775,-0.325,0.0
356,356.0,0.475,-0.175,-0.65,-1.0,-0.15,0.4,0.025,0.0,-0.8,-0.35,0.0
357,357.0,0.55,-0.075,-0.625,-1.0,-0.25,0.275,0.025,0.0,-0.85,-0.35,0.0
358,358.0,0.6,-0.175,-0.7,-1.0,-0.125,0.425,0.025,0.0,-0.85,-0.25,0.0
359,359.0,0.55,-0.2,-0.75,-1.0,-0.15,0.45,0.025,0.0,-0.9,-0.325,0.0
360,360.0,0.625,-0.25,-0.8,-1.0,-0.15,0.325,0.025,0.0,-0.875,-0.25,0.0
361,361.0,0.55,-0.25,-0.8,-1.0,-0.275,0.375,0.025,0.0,-0.9,-0.25,0.0
362,362.0,0.375,-0.225,-0.675,-1.0,-0.275,0.425,0.025,0.0,-0.925,-0.15,0.0
363,363.0,0.4,-0.2,-0.675,-1.0,-0.15,0.525,0.025,0.0,-0.9,-0.225,0.0
364,364.0,0.5,-0.275,-0.675,-1.0,-0.25,0.35,0.025,0.0,-0.85,-0.25,0.0
365,365.0,0.6,-0.4,-0.5,-1.0,-0.1,0.8,0.0,0.0,-0.8,-0.3,0.0
